Name, Quiz Difficulty, Quiz Frequency, HW Difficulty, HW Frequency, Test Difficulty, Test Frequency
Mark Rodgers, 26, 3, 66, 4, 45, 4
Matthew Guerrero, 82, 4, 44, 8, 59, 4
Steven Smith, 2, 2, 87, 1, 32, 3
Anthony Spears, 24, 5, 46, 5, 70, 3
Julie Bauer, 88, 2, 65, 2, 43, 3
Aaron Newton, 1, 1, 37, 10, 75, 3
Tamara Sims, 47, 1, 41, 7, 60, 3
Valerie Daniel, 79, 5, 45, 2, 78, 3
Joshua Fitzpatrick, 57, 2, 30, 1, 100, 3
Kristen Ortiz, 96, 4, 10, 9, 16, 4
Robert Kim, 9, 4, 43, 7, 77, 4
Amy Gomez, 34, 2, 33, 4, 28, 3
Donald Johnston, 93, 1, 43, 7, 66, 3
Karen Garza, 7, 1, 40, 0, 92, 3
Jennifer Anderson, 13, 1, 19, 0, 43, 4
Edward Ward, 80, 4, 38, 4, 8, 4
Susan Thompson, 34, 5, 43, 3, 29, 4
Mia Roberts, 74, 4, 60, 7, 63, 4
James Krueger, 77, 4, 28, 6, 8, 4
Scott Gonzalez, 92, 5, 32, 7, 38, 3
Rebecca Jackson, 31, 5, 60, 7, 91, 4
Joshua Curtis, 85, 5, 1, 10, 88, 3
Max Jones, 46, 5, 90, 0, 6, 3
Brandon Payne, 1, 3, 87, 2, 31, 4
Thomas Zimmerman, 81, 4, 89, 2, 87, 4
Mitchell Boyer, 10, 3, 28, 10, 28, 4
Patrick Huff, 90, 5, 47, 5, 69, 4
Tammy Grant, 67, 1, 78, 10, 70, 4
Emily Weaver, 26, 4, 5, 1, 72, 4
Renee Caldwell, 15, 4, 86, 8, 92, 4
Devin Whitney, 97, 3, 5, 8, 28, 4
Michael Alvarez, 85, 3, 33, 2, 42, 3
Victoria Torres, 53, 5, 6, 0, 11, 3
Gina Hernandez, 78, 5, 84, 5, 55, 3
William Williams, 86, 2, 69, 9, 99, 3
Charles Hawkins, 95, 2, 68, 10, 22, 4
Andres Mata, 52, 2, 35, 5, 65, 4
Sergio Jackson, 20, 2, 96, 0, 25, 3
Robin Pace, 49, 4, 41, 0, 88, 3
Jennifer Brown, 93, 5, 45, 2, 55, 3
Shawn Mccullough, 85, 5, 54, 10, 83, 3
Donna Salazar, 95, 4, 101, 0, 7, 4
Michelle Lynch, 13, 4, 6, 6, 92, 4
Jeremy Phillips, 97, 2, 100, 1, 58, 3
Carol Cox, 80, 3, 54, 8, 66, 3
Jeffery Johnson, 75, 2, 25, 9, 30, 3
Daniel Crosby, 5, 2, 101, 6, 81, 3
John Eaton, 38, 4, 99, 10, 84, 3
Rachel Mcmahon, 68, 1, 61, 0, 48, 3
Brooke Duran, 51, 2, 98, 6, 33, 4
Marie Martinez, 38, 1, 63, 7, 65, 4
Julie Martin, 50, 3, 37, 4, 62, 3
Robert Welch DDS, 95, 3, 69, 4, 37, 3
Cody Mclean, 3, 3, 81, 10, 4, 4
Gina Grant, 93, 3, 64, 4, 39, 4
Chad Stevenson, 16, 4, 30, 6, 48, 3
Brittany Murray, 98, 2, 21, 1, 78, 4
Angela Fischer, 83, 4, 9, 10, 8, 3
Erik Dunn, 5, 1, 100, 9, 61, 3
Jessica Richardson, 2, 4, 94, 8, 82, 3
Derek Cardenas, 3, 1, 83, 6, 77, 3
Victoria Smith, 27, 3, 87, 7, 99, 4
Lisa Mitchell, 81, 5, 88, 0, 56, 3
Nicole Russell, 15, 5, 10, 2, 53, 4
Lisa Santos, 11, 2, 85, 9, 87, 3
Courtney Odom, 97, 3, 11, 2, 95, 4
Christopher Shaffer, 44, 5, 74, 5, 54, 4
Ruth Morris, 10, 1, 85, 1, 74, 4
Tammy Lynch, 52, 5, 79, 5, 28, 3
Kaitlyn Singh, 75, 3, 17, 6, 94, 4
Aaron Lee, 17, 2, 39, 4, 94, 4
Ryan Weaver, 8, 3, 101, 2, 31, 4
Sean Gibbs, 23, 5, 58, 3, 10, 4
Amy Adams MD, 65, 5, 27, 5, 30, 4
Katherine Rojas, 42, 5, 72, 4, 58, 4
Steven Fitzgerald, 35, 4, 11, 7, 75, 3
Valerie Vaughan, 73, 5, 9, 0, 13, 3
Joanne Hurst, 87, 1, 27, 5, 92, 4
Lisa Robinson, 67, 1, 58, 4, 26, 3
Brian Dennis, 2, 3, 61, 4, 63, 4
James Davidson, 13, 4, 25, 8, 67, 3
Angela Rogers, 12, 1, 101, 3, 49, 3
Chase Price, 86, 3, 82, 9, 6, 3
April Massey, 56, 1, 37, 6, 13, 3
Tammy Walker, 90, 3, 82, 9, 41, 4
Aaron Griffith, 15, 4, 60, 9, 14, 4
Morgan Bradley, 51, 5, 91, 9, 70, 3
Shawn Washington, 28, 5, 60, 5, 93, 3
Cheryl James, 60, 1, 3, 9, 47, 3
Christopher Robles, 27, 4, 94, 0, 31, 4
Christopher Johnston, 9, 3, 89, 9, 84, 4
Michelle Smith, 100, 3, 48, 1, 62, 3
Corey Powell, 93, 1, 33, 9, 10, 3
Christopher Rodriguez, 49, 3, 87, 6, 39, 3
Daniel Aguirre, 77, 5, 50, 9, 44, 4
Stefanie Buckley, 92, 5, 85, 8, 89, 4
Ellen Peters, 23, 1, 54, 5, 78, 3
Evan Richard, 12, 5, 65, 6, 94, 4
Andrea Davidson, 44, 2, 42, 7, 76, 3
Allison Choi, 12, 4, 16, 10, 45, 3
Brian Reyes, 28, 2, 21, 3, 68, 3
Brandon Myers, 101, 3, 29, 9, 7, 3
James Barrera, 55, 5, 22, 4, 62, 3
Nicholas Smith, 1, 1, 14, 1, 101, 4
Timothy Abbott, 93, 2, 57, 1, 51, 3
Joshua Perry, 1, 4, 44, 4, 46, 4
Edward Jones, 60, 5, 28, 1, 60, 4
Cassandra Hill, 53, 5, 38, 3, 75, 4
Christine Allen, 43, 4, 2, 0, 29, 4
Connor Farrell, 24, 4, 87, 7, 58, 3
Sheila Turner, 46, 1, 57, 9, 91, 4
Michael Simmons, 28, 1, 51, 7, 4, 4
Andrew Frost, 46, 2, 41, 0, 14, 3
Brian Francis, 15, 3, 48, 1, 38, 4
Steven Wong, 59, 4, 76, 10, 64, 4
Vernon Mcgee, 11, 2, 64, 8, 96, 4
Anna Moore, 10, 3, 19, 1, 51, 4
Martha Carter, 87, 5, 50, 1, 87, 4
Emily Brown, 53, 5, 14, 2, 14, 4
Mrs. Leslie Adams, 77, 1, 98, 4, 78, 4
Amy Vargas, 57, 2, 81, 3, 33, 4
Jeffrey Gray, 49, 3, 15, 7, 5, 4
George Horne, 68, 4, 66, 7, 12, 4
Kelly Ortega, 50, 3, 18, 10, 92, 3
Alan Cunningham, 71, 5, 74, 9, 46, 4
Tina Rios, 42, 2, 99, 8, 78, 4
Karen Johnson, 20, 1, 17, 1, 5, 3
Brenda Chapman, 44, 3, 70, 3, 100, 4
Kelly Smith, 101, 1, 28, 2, 100, 4
Bruce Stewart, 55, 3, 59, 4, 84, 4
Elizabeth Chase, 8, 3, 6, 8, 54, 4
Warren Walton, 26, 5, 24, 1, 39, 4
Brenda Mcclure, 17, 2, 55, 5, 34, 3
Ashley Jarvis, 52, 3, 63, 0, 76, 3
Joseph Gomez, 58, 5, 101, 10, 23, 3
Mr. Jeremy Davis, 91, 1, 72, 7, 100, 3
Joshua Watson, 29, 3, 72, 5, 27, 3
Jessica Henderson, 43, 3, 56, 5, 68, 3
Darlene Stephenson, 85, 4, 40, 7, 19, 4
Scott Smith, 64, 1, 50, 6, 26, 4
Phillip Holmes, 85, 5, 58, 5, 69, 4
Timothy Combs, 56, 4, 42, 4, 86, 3
Jessica Hansen, 54, 4, 32, 7, 4, 3
Nancy Lopez, 31, 5, 51, 10, 72, 4
Ashley Roberts, 70, 4, 23, 7, 42, 4
Tyler Gilmore, 8, 5, 35, 8, 1, 3
Shannon Lewis, 23, 3, 52, 3, 76, 3
Daniel Daniels, 55, 4, 86, 1, 71, 3
Kathryn Arnold, 30, 4, 96, 1, 68, 4
Olivia Mcfarland, 67, 4, 5, 9, 19, 3
Miguel Anderson, 53, 4, 73, 8, 31, 4
Manuel Rogers, 29, 4, 84, 2, 33, 4
Zoe Massey, 70, 4, 30, 9, 69, 3
Lori Delgado, 25, 2, 76, 1, 91, 3
Miss Gloria May, 26, 2, 2, 7, 49, 3
Benjamin Wood, 70, 2, 56, 4, 81, 3
David King, 85, 5, 55, 3, 65, 3
Jean Crawford, 45, 3, 58, 6, 75, 3
Justin Gonzalez, 27, 5, 35, 5, 35, 4
Sherry Gonzalez, 65, 5, 21, 10, 81, 3
Gary Norris, 38, 3, 50, 9, 44, 3
Michael Trujillo, 78, 2, 3, 6, 85, 4
Wayne Fischer, 30, 5, 25, 7, 54, 4
Jimmy Thompson, 61, 1, 41, 0, 88, 4
Jeremiah Collier, 101, 5, 69, 9, 23, 4
Mrs. Lorraine Watts, 68, 2, 54, 10, 45, 4
Shannon Kim, 47, 3, 14, 3, 32, 3
Cory Cox, 57, 4, 98, 4, 75, 3
Michael Larsen MD, 55, 3, 27, 6, 72, 4
Robert Montoya, 57, 3, 13, 7, 87, 4
Travis Becker, 49, 5, 78, 4, 67, 4
John Drake, 15, 4, 13, 7, 99, 3
Daniel Rodriguez, 87, 2, 85, 2, 68, 3
Lori Gaines, 78, 2, 14, 1, 18, 4
Erin Lewis, 84, 5, 49, 6, 17, 3
Katherine Gonzalez, 46, 5, 11, 2, 75, 3
Whitney Wilcox, 22, 4, 100, 7, 81, 4
Randy Roberts, 26, 1, 85, 10, 45, 3
Christina Long, 71, 2, 69, 8, 67, 3
Eric Melton, 90, 4, 77, 1, 45, 3
Jonathan Wheeler, 28, 5, 74, 9, 27, 3
Laura Cervantes, 96, 4, 43, 5, 3, 4
Stephen Castillo Jr., 100, 3, 50, 3, 19, 4
Brandon Jones, 50, 4, 1, 9, 82, 4
Sarah Williamson, 36, 5, 50, 5, 12, 3
Melissa Green, 39, 1, 51, 5, 82, 4
Robert Gilbert, 64, 5, 55, 8, 45, 4
Keith Baird, 91, 2, 45, 10, 76, 4
Ricardo Riley, 81, 4, 33, 1, 12, 3
John Hill, 41, 2, 47, 10, 1, 3
Kellie Scott, 87, 4, 89, 6, 54, 4
Kelly Ramirez, 101, 1, 60, 8, 42, 3
Emma Bryant, 56, 5, 42, 2, 81, 4
Paula Rodriguez, 76, 4, 23, 1, 4, 4
Kenneth Leonard, 80, 1, 15, 6, 19, 3
Stacy Sandoval, 92, 2, 83, 3, 71, 3
Tabitha White, 72, 1, 15, 9, 14, 3
Chelsey Cervantes, 101, 2, 32, 7, 54, 4
Wanda Gomez, 40, 1, 10, 0, 34, 4
Patrick Rocha, 52, 1, 18, 4, 54, 3
Brandy Gonzalez, 87, 1, 85, 4, 83, 4
Tony Wade, 52, 1, 41, 3, 46, 4
Michael Price, 3, 4, 84, 0, 59, 4
Michelle Washington, 46, 1, 18, 10, 81, 4
Katelyn Wilson DDS, 52, 5, 80, 0, 34, 4
Erica Bautista, 42, 3, 77, 2, 81, 4
Grace Grimes, 78, 1, 53, 0, 34, 4
Makayla Simon, 59, 1, 34, 9, 35, 3
Jason Allen, 63, 3, 34, 6, 65, 3
Rhonda Richardson, 73, 1, 41, 8, 14, 4
Catherine Conrad, 97, 5, 32, 8, 6, 4
Sarah Williams, 77, 5, 69, 0, 91, 4
Shawn Riley, 89, 5, 36, 4, 72, 4
Lauren Macias, 74, 4, 63, 5, 7, 4
Robin Porter, 64, 4, 8, 10, 37, 3
Gilbert Rojas, 78, 3, 88, 8, 58, 4
Andrew Blair, 50, 1, 8, 3, 3, 3
Jason Tucker, 24, 4, 34, 3, 55, 3
Karen Wilkerson, 4, 5, 56, 9, 57, 3
Danielle Chavez, 91, 4, 29, 7, 70, 3
Rhonda Jordan, 13, 3, 62, 5, 70, 4
Wayne King, 55, 3, 7, 3, 71, 3
Randy Wyatt, 70, 3, 51, 3, 54, 4
Rita Lewis, 88, 3, 28, 5, 64, 3
Richard Parker, 2, 2, 2, 1, 93, 4
Phillip Smith, 41, 5, 91, 1, 33, 3
Amanda Brock, 40, 3, 70, 9, 87, 3
Sabrina Perkins, 79, 3, 2, 9, 47, 3
Alicia Martin, 9, 2, 64, 7, 53, 3
Leonard Bradford, 44, 1, 80, 9, 2, 3
Patrick Tran, 52, 1, 5, 1, 51, 3
Jamie Miller, 19, 2, 89, 9, 57, 4
Michael Castro, 84, 4, 49, 2, 82, 3
Nicholas Taylor, 62, 4, 59, 7, 38, 3
Gregory Mata, 97, 2, 85, 1, 13, 3
Thomas Harris, 7, 1, 48, 7, 70, 3
Wendy Jackson, 66, 4, 61, 7, 23, 3
Troy Wright, 64, 3, 61, 7, 90, 3
Paul Campbell, 62, 1, 81, 1, 66, 4
Devin Johnson, 7, 1, 79, 3, 46, 4
Johnathan Evans, 76, 4, 5, 10, 26, 3
Bonnie Moore, 28, 4, 60, 10, 11, 4
Kristin Baker, 57, 4, 78, 4, 77, 4
Carolyn Horton, 9, 3, 24, 5, 82, 3
Emily Weeks, 59, 3, 24, 9, 41, 3
Kimberly Carrillo, 19, 5, 12, 8, 83, 3
Crystal Nolan, 5, 4, 13, 6, 19, 4
Cynthia Guzman, 21, 5, 50, 10, 89, 4
Devin Mckenzie, 98, 2, 55, 2, 35, 3
Sarah Harvey, 79, 3, 45, 1, 46, 4
Frances Taylor MD, 87, 2, 14, 4, 21, 3
Gary Lloyd, 62, 4, 71, 0, 10, 4
Duane Ramirez, 7, 2, 26, 4, 61, 3
Tina Singh, 83, 1, 38, 0, 86, 3
Richard Murillo, 48, 2, 37, 0, 1, 4
David King, 87, 4, 47, 6, 11, 4
Angela Mitchell, 81, 4, 29, 4, 41, 4
Brett Williams, 4, 4, 82, 9, 98, 4
Lindsey Morgan, 68, 1, 2, 1, 36, 3
Andrea Marshall, 61, 2, 30, 7, 24, 4
William Cortez, 36, 2, 3, 6, 33, 4
Richard Warren, 37, 5, 40, 9, 77, 4
Travis Wright, 29, 1, 66, 2, 35, 4
Eric Smith, 5, 5, 82, 2, 59, 3
Rose Cabrera, 64, 1, 64, 9, 95, 4
Brent Williams, 47, 1, 95, 5, 7, 4
Cheryl Sims, 71, 5, 64, 2, 93, 4
Roy Johnson, 71, 3, 94, 1, 19, 4
Anthony Rivers, 21, 3, 39, 4, 74, 3
Jennifer Burgess, 86, 1, 58, 7, 68, 4
Elizabeth Ortiz, 27, 2, 80, 10, 58, 3
Tamara Aguilar, 11, 3, 94, 5, 49, 3
Jenna Ross, 9, 5, 22, 0, 91, 4
Alexa Wood, 90, 3, 71, 4, 95, 4
Miranda Oconnor, 97, 1, 82, 3, 66, 3
Alexander Phillips, 96, 4, 28, 6, 64, 4
Laura Torres, 63, 2, 2, 2, 21, 4
Christine Reed, 61, 5, 83, 7, 56, 4
Sharon Gentry, 60, 5, 45, 3, 29, 4
Patrick Garner, 17, 2, 80, 10, 58, 4
Benjamin Bennett, 83, 4, 94, 8, 35, 4
Ronald Thompson, 74, 4, 91, 5, 47, 3
James Donovan, 49, 4, 59, 5, 68, 4
Connie Johnson, 10, 4, 31, 6, 99, 3
David Morse, 84, 2, 9, 3, 57, 4
Rachel Mcknight, 42, 2, 11, 8, 31, 4
Shane Haley, 84, 2, 66, 8, 85, 3
Bryan Foster, 34, 5, 50, 9, 68, 3
David Taylor, 83, 4, 66, 7, 80, 3
Mary Meadows, 45, 1, 34, 7, 8, 4
Timothy Williams, 33, 3, 7, 3, 28, 3
Francisco Porter, 65, 2, 80, 6, 47, 3
Stephanie Craig, 3, 1, 86, 2, 62, 4
Kathryn Murphy, 47, 4, 40, 5, 66, 3
Jeffrey Chavez, 73, 5, 16, 5, 96, 3
Sue Washington, 69, 5, 77, 9, 100, 3
Cynthia Galvan, 72, 2, 52, 5, 38, 4
Valerie Hanson, 36, 1, 84, 9, 40, 3
Timothy Stevens, 9, 5, 70, 10, 98, 4
Amber Kennedy MD, 77, 2, 33, 6, 34, 3
Miranda Lane, 99, 3, 23, 4, 33, 4
Samuel Kennedy, 100, 2, 82, 9, 4, 3
Stephanie Wilkerson, 73, 3, 6, 9, 54, 4
Clifford Stephenson, 17, 3, 89, 1, 10, 3
Amy Salas, 46, 4, 82, 3, 40, 3
Briana Myers, 55, 2, 47, 9, 17, 4
Scott Hood, 88, 4, 72, 7, 56, 3
Carlos Randolph, 47, 1, 31, 7, 9, 3
Mary Morgan, 24, 1, 98, 8, 99, 3
Dalton Buchanan, 75, 1, 61, 8, 47, 3
Karen Kent, 79, 3, 11, 4, 90, 3
Cynthia Snyder, 71, 3, 55, 9, 70, 4
Jennifer Valenzuela, 5, 4, 77, 0, 24, 3
Daniel Stanton, 6, 3, 91, 1, 52, 3
Angela Freeman, 65, 2, 3, 0, 13, 4
Amanda Foster, 96, 1, 101, 7, 19, 4
Christopher Carrillo, 14, 5, 70, 10, 95, 4
Shannon Gould, 76, 3, 22, 5, 16, 3
Brian Foster, 83, 1, 59, 8, 39, 4
Ann Whitaker MD, 83, 5, 17, 7, 32, 3
Shelly Benson, 63, 2, 25, 7, 94, 4
Sheila Brooks, 82, 3, 60, 3, 86, 3
Christopher Price, 47, 4, 24, 4, 92, 4
Linda Carter DVM, 15, 4, 61, 7, 54, 4
Janet Nash, 58, 5, 28, 8, 47, 3
Nathan Walsh, 12, 5, 101, 4, 87, 3
Charles Jones, 9, 2, 81, 2, 4, 4
Melanie White, 5, 3, 31, 7, 45, 3
Jennifer Black, 23, 5, 72, 2, 84, 4
Heather Bryant, 93, 3, 57, 3, 72, 4
Martha Davis, 24, 1, 68, 9, 50, 3
Elizabeth Harrington, 95, 1, 93, 0, 22, 3
Laura Kennedy, 80, 1, 55, 0, 38, 3
Troy King, 88, 3, 15, 2, 20, 4
Patricia Tucker, 40, 4, 87, 10, 64, 4
Lindsay Sims, 58, 5, 7, 10, 56, 4
Barbara Carter, 57, 4, 84, 9, 54, 4
John Mcdonald, 72, 1, 57, 0, 65, 3
Jacqueline Hicks, 49, 4, 43, 9, 67, 3
Jessica Daniels, 22, 1, 51, 6, 10, 3
Stephanie Miller, 36, 3, 85, 4, 27, 4
Mrs. Suzanne Baker, 55, 5, 52, 1, 62, 3
Scott Gonzales, 14, 4, 9, 4, 27, 4
Bryan Young, 93, 3, 11, 7, 28, 3
Jennifer Ramos, 41, 4, 33, 8, 17, 3
Luis Russell, 2, 3, 74, 8, 57, 3
Sheila Fisher, 76, 4, 81, 8, 9, 3
Kelsey Thornton, 7, 1, 44, 1, 98, 3
Michael Cline, 69, 3, 92, 4, 79, 4
Ross Dawson, 13, 5, 72, 5, 24, 3
Cory Taylor MD, 92, 3, 23, 8, 21, 3
Kayla Chavez, 101, 4, 80, 3, 22, 4
Kevin Walker, 60, 5, 80, 8, 57, 4
Mr. Christopher Gonzales, 49, 5, 72, 10, 25, 3
Kenneth Barron, 56, 3, 30, 4, 71, 3
April Mitchell, 8, 5, 60, 10, 54, 3
Matthew Franco, 97, 3, 11, 8, 29, 4
Elizabeth Brown, 24, 5, 65, 3, 54, 4
John Liu, 80, 2, 46, 6, 68, 3
Allison Taylor, 6, 5, 15, 7, 1, 3
Kimberly Andersen, 64, 2, 81, 10, 82, 3
Kelly Swanson, 5, 4, 42, 0, 73, 3
Michael Castro, 46, 2, 92, 2, 44, 4
Peter Bradford, 12, 1, 36, 6, 47, 4
Deanna Smith, 37, 4, 62, 6, 43, 3
Ashley James, 76, 4, 98, 2, 7, 4
Jesse Franco, 91, 5, 90, 2, 32, 3
Cameron Melendez, 7, 2, 100, 0, 91, 4
Justin Roberts, 17, 1, 19, 3, 76, 4
Bonnie Flowers, 82, 2, 73, 5, 23, 4
Richard Miller, 64, 3, 100, 7, 20, 3
Ryan Blake, 73, 2, 20, 2, 2, 4
Diane Flores, 77, 3, 26, 4, 18, 4
Laura Cherry, 8, 5, 58, 0, 61, 3
Donald Tyler, 10, 4, 28, 4, 45, 3
Jessica Rubio, 61, 2, 76, 2, 101, 3
Stephanie Short, 32, 3, 5, 10, 50, 3
William Wall, 26, 5, 68, 9, 72, 4
Daniel Bass, 59, 4, 55, 9, 21, 3
Denise Nguyen, 11, 3, 13, 10, 40, 4
Stephanie Velasquez, 77, 5, 75, 2, 49, 4
Kathryn Davenport, 101, 5, 47, 1, 7, 4
Sharon Mathis, 14, 5, 82, 7, 71, 3
Nicholas Carter, 22, 5, 92, 8, 32, 4
Cody Berger, 96, 5, 87, 1, 14, 3
Andrew Payne, 4, 5, 45, 9, 42, 3
Kelly Vang, 89, 5, 18, 2, 28, 3
Elijah Blair, 28, 1, 4, 6, 59, 4
Matthew Terry II, 66, 1, 51, 1, 73, 3
Regina Nelson, 90, 3, 6, 1, 37, 3
Natalie Montes, 83, 1, 54, 8, 67, 4
Gary Carr, 33, 3, 83, 0, 53, 3
Ashlee Love, 41, 4, 83, 9, 19, 4
Elizabeth White, 41, 5, 57, 7, 52, 3
Gregory Hansen, 7, 2, 57, 2, 35, 3
Anthony Powell, 1, 5, 91, 10, 19, 3
Rachel Gonzales, 1, 5, 22, 4, 81, 3
Amanda Cunningham, 38, 1, 64, 2, 92, 4
Lisa Garcia, 35, 1, 65, 4, 89, 4
Aaron Anderson, 29, 3, 29, 2, 64, 3
Mrs. Heather Silva, 6, 2, 59, 6, 76, 4
Ryan Nichols, 35, 2, 66, 7, 77, 4
Robert Rodriguez, 98, 5, 10, 6, 80, 4
Katie Russell, 42, 3, 57, 7, 6, 3
Donna Mullins, 75, 5, 42, 3, 49, 3
Cheryl Allen, 51, 3, 62, 2, 65, 4
Sylvia Taylor, 101, 2, 81, 7, 100, 4
Charles Miller, 5, 4, 50, 3, 91, 4
John Taylor, 64, 2, 59, 10, 69, 3
Dennis Rojas, 29, 3, 52, 5, 47, 4
Debra Parker, 43, 3, 43, 7, 21, 3
Ashley Allen, 62, 5, 22, 5, 12, 3
Judy Knapp, 27, 3, 54, 2, 79, 3
Jaime Newman, 74, 3, 29, 3, 94, 3
Evan Blake, 46, 1, 33, 10, 94, 4
Wesley Hernandez, 81, 4, 28, 8, 54, 3
Allen Schroeder, 61, 3, 55, 9, 73, 3
Crystal Ponce, 6, 1, 46, 0, 54, 3
Tracy Roman, 77, 1, 82, 8, 73, 3
Max Mathews, 57, 3, 52, 5, 64, 3
Jennifer Osborne, 13, 4, 85, 2, 94, 3
Brittany Cabrera, 86, 5, 46, 8, 37, 4
Nathaniel Daniels, 96, 4, 18, 6, 76, 3
Billy Johnson, 98, 3, 20, 4, 98, 3
Michelle Nunez, 37, 1, 51, 1, 22, 3
Corey Bowman, 27, 5, 39, 4, 83, 4
Christopher Hodge, 91, 3, 4, 2, 101, 3
Ashley Brandt, 92, 1, 74, 9, 18, 3
Gregory Stone, 27, 3, 61, 4, 78, 4
Stephanie Brown, 14, 4, 26, 1, 93, 3
Jack Strickland, 44, 5, 64, 9, 21, 4
Rachel Martinez, 53, 2, 86, 4, 75, 3
John Lee, 66, 1, 58, 10, 35, 4
Lisa Daugherty, 64, 4, 24, 0, 24, 3
Mr. Michael Hill, 35, 2, 64, 8, 76, 3
Paige Sandoval, 22, 1, 70, 6, 60, 4
Kelsey Mendez, 67, 1, 56, 5, 30, 4
Alexandra Schultz, 83, 2, 11, 10, 59, 4
Tammy Jones, 32, 3, 72, 6, 15, 3
Bradley Rivera, 56, 3, 93, 3, 73, 3
Wendy Rogers, 52, 4, 40, 1, 82, 3
Jason Thomas, 74, 5, 46, 7, 17, 4
Brandy Steele, 61, 1, 72, 3, 101, 3
Mary Mendez, 6, 4, 3, 1, 5, 4
Becky Weber, 69, 2, 38, 8, 33, 3
Leah Hernandez, 42, 2, 14, 5, 93, 4
Anthony Rose, 82, 2, 62, 9, 53, 3
Mary Bishop, 10, 3, 18, 0, 99, 3
Cristian Stephenson, 51, 4, 8, 8, 90, 3
Elizabeth Henderson, 19, 4, 1, 10, 77, 4
Matthew Collins, 49, 2, 95, 7, 92, 3
Brian Holder, 61, 1, 56, 0, 91, 3
Diane Mckenzie, 19, 4, 31, 4, 56, 3
Michael Bennett, 64, 4, 99, 5, 88, 4
John Valencia, 29, 1, 93, 6, 48, 4
Lisa Maldonado, 34, 1, 80, 7, 78, 3
Matthew King, 28, 4, 14, 1, 49, 4
Crystal Stanley, 28, 1, 9, 9, 82, 3
Dr. Jennifer Anderson, 9, 3, 24, 8, 1, 3
Kara Warren, 13, 1, 72, 6, 96, 4
Paul Thompson, 32, 4, 51, 3, 74, 3
Deborah Reilly, 92, 2, 7, 6, 16, 4
Shawn Riggs, 56, 2, 84, 7, 78, 3
Lindsay Rodriguez, 78, 5, 70, 0, 90, 3
Tammy Gonzalez, 15, 5, 89, 8, 50, 4
Michael Perkins, 91, 2, 13, 4, 76, 3
Ashley Briggs, 17, 3, 5, 3, 50, 3
Kirk Hammond, 74, 4, 36, 10, 61, 4
Felicia Solomon, 8, 4, 41, 3, 9, 4
Deanna Bryant, 85, 2, 52, 6, 16, 4
Alexander Cook, 16, 1, 65, 5, 7, 3
Jacob Morrison, 41, 1, 40, 0, 37, 3
Amber Mueller, 90, 4, 26, 7, 55, 4
Roberto Munoz, 29, 3, 83, 9, 66, 3
Amy Richards, 34, 4, 98, 3, 35, 4
Nathan Williams, 44, 4, 22, 7, 92, 3
Heather Hartman, 100, 4, 5, 3, 68, 3
Nicholas Thompson, 73, 2, 92, 10, 41, 3
Amanda Harper, 48, 5, 98, 3, 92, 3
Brian Jones, 55, 4, 101, 2, 52, 4
Jennifer Reed, 25, 2, 74, 0, 51, 3
Jennifer Pitts, 23, 1, 53, 8, 100, 3
Michael Rogers, 7, 5, 54, 5, 41, 3
Cameron Larson, 14, 3, 26, 10, 15, 4
Ashley Small, 56, 1, 41, 2, 97, 3
Daniel Moyer, 90, 5, 90, 0, 42, 4
Elizabeth Davis, 18, 2, 90, 0, 44, 3
Sandra Adkins, 75, 5, 62, 5, 65, 3
Anthony Matthews, 63, 2, 38, 7, 20, 3
John Snyder, 99, 4, 61, 2, 72, 3
Travis Callahan, 5, 3, 73, 5, 11, 4
Andrew Barnes, 72, 4, 35, 3, 67, 3
Megan Guerra, 23, 3, 92, 1, 78, 3
Kimberly Esparza, 42, 5, 85, 2, 93, 3
David Phillips, 30, 2, 83, 4, 92, 3
Cheryl Phillips, 19, 4, 92, 7, 88, 4
Charles Dean, 94, 1, 68, 9, 62, 4
Gregory Walls, 10, 2, 93, 8, 10, 3
Jeremy Floyd, 63, 2, 76, 1, 82, 3
James Santiago, 47, 4, 88, 4, 7, 3
Janice Kennedy, 19, 4, 66, 7, 62, 4
Heidi Porter, 84, 5, 12, 4, 101, 4
Zachary Gray, 24, 5, 24, 0, 101, 3
Daniel Joseph, 96, 2, 60, 5, 71, 3
Dorothy Lewis, 19, 2, 53, 5, 86, 3
John Harris, 44, 1, 6, 10, 57, 4
Alexander Skinner, 28, 5, 5, 5, 3, 3
Donald Parker, 89, 2, 73, 1, 48, 4
Derrick Savage, 81, 3, 17, 10, 55, 3
Timothy Lara, 28, 3, 20, 6, 32, 3
Jaclyn Thomas, 89, 5, 55, 4, 64, 3
Douglas Mendoza, 69, 1, 52, 2, 80, 3
William Long, 41, 4, 97, 6, 9, 4
Donna Moreno, 22, 2, 63, 6, 68, 4
Sarah Smith, 94, 1, 78, 4, 1, 3
Meredith Meyers, 32, 3, 50, 9, 72, 4
Jennifer Washington, 82, 4, 43, 4, 15, 3
Marc Arnold, 91, 3, 46, 6, 7, 3
Arthur Reyes, 81, 3, 16, 6, 94, 4
Alex Rivera, 81, 5, 1, 8, 45, 3
Tracy Baldwin, 9, 5, 56, 6, 75, 3
William Wolfe, 98, 2, 25, 0, 22, 4
Richard Wright, 98, 1, 47, 7, 19, 3
Emily Thompson, 101, 5, 81, 4, 19, 4
Patricia Castro, 61, 1, 41, 7, 15, 4
Amy Morrow, 85, 3, 52, 1, 59, 4
Abigail Fox, 66, 2, 51, 10, 11, 3
James Davis, 43, 3, 8, 7, 64, 3
Daniel Weaver, 83, 4, 12, 4, 83, 3
Susan Powell, 44, 2, 73, 8, 20, 3
Linda Keller, 54, 1, 82, 9, 47, 3
Stephanie Foster, 96, 5, 19, 1, 83, 3
Shannon Miranda, 46, 1, 20, 8, 100, 4
Tammy Nguyen, 56, 3, 26, 3, 82, 4
Bonnie Ruiz, 21, 3, 83, 7, 101, 3
Benjamin Lewis, 44, 4, 91, 5, 6, 3
Christopher Scott, 45, 1, 28, 3, 89, 3
Mr. Vincent Malone PhD, 94, 2, 62, 10, 62, 4
Jeremiah Lewis, 56, 4, 90, 6, 81, 4
Allen Sanders, 85, 3, 18, 4, 99, 4
Jean Richard, 79, 3, 25, 5, 101, 4
Douglas Mack, 33, 1, 25, 1, 8, 3
Daniel Reyes, 57, 4, 11, 2, 39, 3
Gary Brown, 70, 4, 73, 7, 52, 4
Catherine Davis, 15, 3, 64, 6, 50, 4
Edward Copeland, 2, 1, 57, 9, 29, 4
Mrs. Jennifer Meza, 29, 3, 15, 5, 16, 4
Ashley Haley, 3, 3, 23, 4, 25, 3
Kyle Greer, 101, 5, 53, 2, 83, 3
Ricky Brown, 59, 4, 65, 6, 40, 3
Kimberly Miranda, 56, 2, 46, 5, 59, 3
Julie Perez, 3, 4, 99, 7, 45, 4
Anita Spears, 1, 2, 59, 9, 33, 4
Marissa Chavez, 95, 4, 20, 6, 30, 4
Elizabeth Allen, 54, 2, 2, 7, 54, 4
Leslie Campbell, 40, 4, 29, 2, 17, 4
Kayla Arnold, 39, 2, 84, 3, 93, 4
Monica Shannon, 47, 1, 87, 5, 27, 3
Linda Ellis, 77, 5, 22, 4, 63, 3
Billy Orr, 73, 2, 23, 7, 73, 4
Bryan Dudley, 41, 2, 85, 2, 37, 4
Kimberly Anderson, 30, 1, 92, 0, 63, 3
John Salazar, 81, 2, 91, 4, 80, 3
Justin Ortiz, 101, 3, 50, 9, 61, 4
Carrie Lee, 83, 2, 70, 5, 19, 3
Bridget Roman, 80, 1, 15, 9, 99, 4
Billy Ramirez, 8, 3, 51, 10, 42, 4
Raymond Ochoa, 99, 4, 59, 8, 50, 4
Tracey Banks, 41, 1, 32, 9, 32, 4
Ariana Oneal, 7, 1, 5, 5, 90, 3
Misty Rivera, 24, 1, 40, 2, 76, 3
Richard Dickerson, 12, 2, 19, 3, 60, 4
Ralph Robinson, 13, 1, 53, 5, 48, 4
Nathaniel Lopez, 91, 2, 15, 10, 22, 4
Melissa Johnson, 11, 5, 84, 1, 49, 3
Cody Obrien, 68, 5, 29, 8, 81, 3
Andrew Hayes, 81, 3, 64, 10, 67, 4
Brian Reeves, 79, 4, 88, 10, 57, 3
Kerry Dickson, 17, 2, 64, 6, 87, 4
Janice Casey, 78, 2, 53, 9, 89, 4
Charles Wells, 36, 2, 73, 10, 78, 3
Michelle Jefferson, 15, 3, 8, 4, 63, 4
Melissa Williams, 67, 2, 38, 6, 6, 3
Travis Crawford, 19, 1, 10, 1, 34, 3
Maureen Clark, 2, 3, 24, 2, 65, 3
Joshua Castro, 89, 1, 55, 4, 47, 3
Maurice Thomas, 26, 1, 12, 7, 6, 4
Kelly Valentine, 76, 1, 68, 1, 7, 3
Joshua Howell, 92, 5, 88, 4, 88, 3
Jessica Baker, 3, 5, 100, 0, 23, 3
Barbara Smith, 53, 1, 95, 9, 85, 3
Brittany Cabrera, 68, 5, 99, 3, 16, 3
Victoria Brooks, 38, 3, 69, 1, 65, 4
Mark Lewis, 62, 3, 55, 9, 77, 3
Susan Wolf, 14, 1, 64, 4, 47, 3
Joshua Parsons, 94, 4, 80, 5, 53, 4
Denise Simmons, 85, 5, 35, 0, 61, 3
Ryan Johnson, 17, 4, 79, 1, 5, 4
Melissa Wade, 7, 1, 16, 2, 30, 3
Audrey Berry, 35, 1, 34, 8, 31, 4
Erika Mahoney, 26, 4, 60, 10, 86, 3
Lisa Cummings, 91, 2, 51, 4, 7, 4
Dr. Mark Brooks PhD, 19, 1, 48, 7, 92, 4
Nicholas Stuart, 18, 5, 60, 0, 68, 4
Anthony Callahan, 16, 1, 87, 7, 18, 3
Timothy Harris DVM, 19, 2, 14, 9, 66, 4
Thomas Mann, 37, 1, 101, 8, 75, 3
Matthew Bryant, 67, 1, 94, 3, 13, 3
Gina Pope, 95, 2, 78, 2, 53, 3
Heather Garrett, 11, 2, 78, 6, 12, 3
Thomas Stanley, 48, 4, 43, 5, 58, 4
Donald Dean, 7, 3, 47, 8, 7, 3
Melissa Gamble, 58, 4, 84, 4, 21, 4
Eric Green, 81, 2, 6, 8, 100, 4
Mr. Jay Navarro, 73, 1, 54, 4, 60, 3
Christina Young, 58, 4, 51, 3, 85, 3
Kevin Kelley, 98, 2, 26, 10, 76, 3
Peter Garcia, 76, 5, 56, 5, 37, 3
Scott Parks, 6, 4, 95, 8, 40, 4
John Anderson, 27, 3, 22, 7, 70, 3
David Roberts, 78, 4, 52, 4, 100, 3
Jason James, 37, 4, 86, 1, 93, 4
Brian Lowe, 99, 1, 35, 10, 66, 4
Matthew Williams, 99, 2, 63, 5, 84, 3
Richard Nelson, 55, 2, 18, 3, 23, 3
Sarah Bell, 53, 2, 49, 5, 3, 3
Destiny Brown, 20, 5, 77, 8, 101, 3
Kristen Rodriguez, 24, 2, 28, 4, 57, 4
Kayla Green, 71, 2, 69, 0, 50, 4
Deborah Mccarthy, 88, 3, 81, 9, 91, 4
Gregory Zhang, 101, 2, 26, 2, 82, 4
Nicole Bryant, 9, 1, 18, 1, 86, 4
Paula Reynolds, 44, 4, 81, 3, 76, 3
Ralph Moran, 14, 3, 31, 6, 26, 4
Vanessa Roberts, 74, 5, 35, 10, 22, 4
Hailey Bell, 4, 1, 51, 10, 36, 3
Manuel Mckinney, 32, 5, 7, 5, 37, 4
Donna Chavez, 19, 1, 34, 0, 13, 4
James Martinez, 82, 4, 96, 3, 16, 4
Kenneth Garcia, 76, 3, 29, 2, 90, 4
Michael Ibarra, 8, 4, 74, 5, 89, 3
Marcus Hopkins, 35, 5, 73, 10, 42, 4
Diana Brown, 12, 2, 67, 3, 70, 4
Laura Schultz, 1, 3, 97, 2, 58, 4
Todd Martin, 28, 3, 86, 4, 97, 3
Sarah Garcia, 69, 3, 97, 8, 58, 3
Ashley Miller, 49, 4, 27, 6, 9, 3
Justin Townsend, 89, 3, 70, 3, 83, 4
Scott Castillo, 34, 2, 53, 7, 84, 3
Anna Guerra, 61, 2, 33, 0, 14, 3
Stephen Hall, 43, 2, 13, 10, 16, 3
Robert Miranda, 47, 3, 3, 8, 2, 3
Miguel Jones, 95, 5, 66, 7, 19, 4
Daniel Barton, 12, 3, 7, 10, 40, 4
Kyle Smith, 73, 3, 65, 0, 42, 4
Janice Rodriguez, 27, 4, 57, 3, 73, 4
David Turner, 72, 4, 88, 3, 2, 3
Gregory Santos, 100, 1, 92, 0, 45, 4
Shannon Walker, 98, 3, 38, 10, 42, 3
Randall Garza, 6, 3, 83, 8, 63, 3
Mr. Duane Mendoza, 98, 2, 27, 6, 75, 3
Brian Calderon, 64, 5, 33, 5, 11, 3
Grant Valdez, 34, 3, 22, 4, 42, 4
Darrell Chavez, 39, 5, 84, 10, 17, 3
Courtney Washington, 35, 5, 101, 5, 6, 4
Jessica Fry, 18, 1, 67, 7, 99, 4
Robert Flynn, 4, 4, 89, 7, 75, 3
Vanessa Parker, 9, 1, 22, 7, 2, 3
Edward Baker, 24, 2, 85, 6, 75, 4
Martha Cole, 59, 3, 56, 1, 47, 4
Krista Hutchinson, 45, 2, 55, 10, 86, 4
Jennifer Brown, 93, 2, 8, 5, 16, 4
Brian Mitchell, 42, 5, 98, 9, 74, 4
Kristina Williams, 88, 5, 33, 1, 14, 3
Jason James, 72, 5, 49, 1, 101, 4
Dakota Chen, 61, 5, 9, 1, 9, 4
Justin Hill, 3, 1, 98, 4, 5, 3
Christopher Delacruz, 50, 1, 99, 10, 49, 4
Christian Bryan, 8, 3, 48, 10, 31, 4
Phillip Brown, 59, 5, 41, 7, 38, 3
Wendy Davis, 35, 3, 66, 9, 66, 3
Christopher Thomas, 8, 1, 23, 4, 4, 4
Laura Campbell, 96, 2, 19, 8, 98, 4
Linda Johnson, 7, 5, 12, 6, 6, 4
Victoria Edwards, 15, 5, 60, 7, 80, 3
Johnny Austin, 72, 3, 77, 10, 33, 4
Theresa Boyer, 26, 4, 42, 10, 66, 4
Destiny Harris, 19, 1, 93, 3, 48, 4
Christopher Dorsey, 33, 2, 90, 0, 49, 3
Jonathan Hunter, 90, 5, 4, 7, 18, 3
Christina Hinton, 26, 2, 53, 0, 28, 4
Melissa Williams, 89, 3, 36, 2, 97, 4
Joyce Walker, 4, 3, 1, 6, 7, 3
Cynthia Powell, 70, 2, 34, 9, 72, 4
Dr. Mia Torres, 87, 3, 5, 10, 31, 3
Jillian Rogers, 79, 1, 75, 7, 31, 4
Lisa Williams, 22, 4, 45, 0, 29, 4
Gabriela Warren, 26, 2, 91, 4, 9, 4
Justin Jimenez, 82, 5, 11, 7, 32, 3
Andrew Frazier, 71, 1, 81, 2, 38, 3
Susan Evans, 5, 1, 71, 7, 93, 3
Allison Henderson, 71, 1, 66, 7, 93, 3
John Lane, 6, 4, 85, 6, 100, 3
Jared Diaz, 91, 2, 41, 1, 22, 4
Ashley Wolf, 75, 5, 95, 8, 71, 3
Karen Thomas, 37, 2, 4, 9, 35, 4
Kyle Oconnell, 53, 5, 75, 9, 78, 3
Steven Blake, 11, 3, 95, 6, 35, 4
James Colon, 55, 1, 21, 1, 79, 3
Mr. Sean Collins, 87, 1, 86, 0, 37, 4
Kimberly Phillips, 59, 3, 71, 1, 32, 4
Kevin Lara, 17, 2, 93, 8, 27, 4
Joseph Petersen, 40, 4, 5, 7, 64, 4
Daniel Dorsey, 62, 2, 67, 1, 77, 3
Amy Gutierrez, 48, 5, 56, 10, 6, 4
Chelsey Morris, 55, 4, 20, 10, 36, 3
Bryan Smith, 85, 3, 5, 7, 11, 4
Dr. Andrea Rubio MD, 4, 2, 45, 1, 68, 4
Breanna Newman, 36, 1, 11, 8, 63, 4
Ronald Johnson, 84, 4, 34, 0, 74, 3
Laurie Daniels, 20, 3, 66, 0, 40, 4
Charles Jenkins, 31, 4, 95, 10, 21, 3
Curtis Hill, 22, 5, 19, 3, 62, 4
Ruth Mason, 55, 1, 15, 5, 24, 4
Helen Contreras, 6, 1, 29, 5, 77, 4
Kari Escobar, 96, 5, 13, 4, 94, 4
Jesse Johnson, 76, 1, 59, 8, 15, 3
Michael Owens, 29, 3, 3, 6, 23, 4
Jeffrey Brady, 63, 3, 2, 8, 5, 4
Howard Jackson, 39, 4, 55, 9, 58, 3
Bianca Brown, 93, 5, 98, 7, 79, 3
Eddie Jackson, 6, 4, 99, 2, 46, 4
Nicholas Ramos, 57, 1, 92, 10, 35, 3
Joseph Marshall, 42, 2, 36, 10, 83, 3
Donna Baker, 97, 1, 43, 9, 47, 4
Jonathan Richardson, 14, 4, 95, 2, 32, 4
Claudia Ward, 53, 5, 47, 5, 62, 4
Mr. Daniel Carter MD, 82, 4, 21, 0, 7, 3
Valerie Moore, 25, 2, 100, 10, 42, 3
Jonathan Morris, 49, 4, 3, 0, 69, 3
Karen Sullivan, 35, 5, 44, 7, 46, 4
Patrick Reed, 34, 3, 26, 5, 89, 3
Bailey Bradley, 72, 4, 76, 5, 14, 4
Jennifer Young, 81, 5, 86, 7, 13, 3
Troy Powers, 87, 2, 75, 1, 43, 3
Barbara Little DDS, 20, 2, 98, 10, 100, 4
Andrew Phelps, 41, 3, 21, 4, 96, 3
Amber Woods, 76, 1, 26, 1, 19, 4
Jeremy Rodriguez, 92, 5, 4, 1, 17, 3
Michael Arroyo, 8, 3, 45, 2, 92, 3
Kerri House, 81, 5, 99, 7, 69, 3
Kathryn Ferrell, 57, 3, 38, 1, 28, 3
Robin Mcdonald, 28, 1, 14, 0, 21, 4
Caitlin Murphy, 11, 1, 12, 0, 15, 4
Joshua Chen, 36, 1, 8, 1, 27, 4
Joshua James, 29, 1, 56, 6, 55, 3
Eddie Collins, 61, 3, 8, 1, 61, 3
Denise Romero, 66, 3, 81, 8, 78, 4
Danielle Fleming, 85, 3, 95, 5, 77, 4
Ebony Martin, 21, 4, 12, 4, 24, 3
Jonathan Bass Jr., 100, 2, 44, 10, 30, 3
Sara Smith, 83, 4, 44, 4, 9, 3
Samantha Tucker, 30, 3, 15, 4, 29, 4
Jacqueline Hayes, 65, 1, 19, 4, 29, 4
Jamie Johnson, 68, 4, 21, 2, 80, 4
Scott Murphy DDS, 69, 4, 34, 0, 93, 4
Nichole Barnes, 64, 4, 69, 5, 33, 4
Samuel Mcdowell, 8, 5, 28, 0, 94, 4
Andrew Cabrera, 76, 2, 3, 8, 25, 3
Karen Pacheco, 3, 2, 54, 6, 26, 3
Kenneth Thomas, 77, 1, 88, 1, 93, 4
Jonathan Allen, 86, 2, 44, 5, 65, 3
Rachel Martinez, 85, 1, 14, 9, 5, 4
James Thompson, 64, 3, 42, 5, 64, 3
Andrew Cooper, 14, 4, 100, 4, 16, 3
Jamie Cummings, 14, 2, 92, 5, 26, 3
Erin Parker, 38, 2, 8, 5, 60, 4
Rebecca Avila, 29, 4, 21, 4, 65, 3
Shirley Hall, 77, 5, 64, 1, 48, 4
Jessica Simpson, 93, 4, 36, 9, 31, 4
Ricardo Johnson, 92, 3, 14, 4, 76, 4
Rose Shaw, 69, 2, 98, 3, 22, 3
Michael Taylor, 31, 2, 5, 7, 2, 4
Samuel Dawson, 92, 1, 46, 10, 25, 4
Michael Curtis, 65, 2, 24, 5, 72, 3
Keith Reese, 90, 5, 78, 5, 89, 3
Benjamin Cochran, 37, 3, 12, 6, 100, 4
Jeremy Morse, 2, 5, 64, 5, 8, 3
Jessica Gonzalez, 82, 5, 77, 1, 100, 4
Brian Thomas, 38, 1, 18, 3, 54, 4
Andrew Page, 66, 1, 43, 7, 16, 3
Grace Phillips, 14, 3, 54, 10, 69, 4
Susan Williams, 63, 3, 47, 4, 14, 3
David Wilson, 47, 5, 65, 5, 48, 3
Lauren Soto, 58, 1, 82, 9, 8, 4
Erica Ward, 11, 4, 50, 2, 78, 3
Thomas Wu, 29, 2, 46, 0, 27, 4
Samuel Webb, 92, 3, 82, 0, 15, 4
Edward Thornton, 12, 4, 63, 4, 34, 3
Brian Robinson, 67, 3, 37, 6, 18, 3
Karen Hensley, 37, 1, 72, 10, 78, 3
Kelly Evans, 38, 3, 28, 4, 53, 4
Elizabeth Davidson, 25, 2, 5, 6, 51, 3
Cody Davis, 11, 2, 97, 2, 75, 4
Thomas Weaver, 82, 3, 74, 6, 21, 4
David Smith, 58, 2, 26, 5, 22, 3
Edwin Cardenas, 53, 4, 73, 0, 100, 3
Jennifer Brown, 63, 1, 47, 8, 45, 4
David Jones II, 22, 5, 21, 8, 61, 4
Jonathan Pruitt, 31, 3, 26, 8, 63, 4
Kendra Garcia, 24, 3, 79, 0, 98, 3
Nicholas Rodriguez, 81, 1, 68, 6, 12, 4
Andrew Miles, 17, 5, 1, 10, 95, 4
Robert Steele, 56, 5, 2, 7, 86, 3
Danielle Walker, 60, 2, 80, 1, 53, 4
Pedro Murphy, 62, 5, 59, 5, 61, 3
Alexandria Reed, 87, 3, 99, 9, 70, 4
James Anderson, 74, 4, 62, 2, 93, 4
Kathleen Johnson, 76, 1, 76, 3, 71, 3
Tim Nguyen, 71, 2, 79, 0, 97, 4
Heather Gomez, 71, 3, 8, 0, 80, 3
Nathan Douglas, 96, 3, 44, 5, 49, 3
Kimberly Barrett, 5, 2, 78, 6, 16, 3
Lisa Phelps, 46, 5, 15, 1, 46, 4
Joshua Adams, 3, 3, 61, 1, 57, 3
Steve Smith, 25, 5, 24, 7, 61, 4
Amanda Schmidt, 68, 4, 1, 3, 9, 3
Natasha Cowan, 81, 4, 76, 5, 13, 4
Monique Richmond, 42, 3, 62, 3, 86, 3
Justin Preston, 95, 2, 82, 0, 99, 4
Alicia Nelson, 91, 4, 17, 8, 56, 4
Samuel Johnson, 100, 2, 7, 6, 38, 4
Mr. Dustin Evans, 45, 2, 93, 6, 15, 3
Antonio Hampton, 92, 1, 44, 1, 74, 4
Mark Acosta, 44, 5, 70, 3, 32, 4
Nicholas Olson, 62, 4, 93, 9, 9, 4
Cynthia Petersen, 20, 2, 28, 5, 45, 3
Terri Spencer, 90, 1, 34, 1, 61, 4
Justin Collins MD, 9, 3, 46, 1, 79, 3
Ashley Higgins, 72, 2, 40, 3, 75, 3
Sydney Nichols, 16, 2, 30, 4, 54, 4
Brooke Aguirre, 58, 5, 70, 9, 78, 3
Manuel Smith, 42, 1, 43, 1, 25, 3
Elizabeth Russell, 75, 1, 70, 1, 60, 3
Ashley Rodriguez, 46, 4, 51, 6, 63, 4
Trevor Caldwell, 101, 1, 81, 9, 88, 3
Diana Joseph, 90, 5, 9, 2, 81, 4
Sandra Hill, 23, 5, 18, 6, 71, 4
Ricardo Green, 27, 5, 62, 1, 95, 4
John Henry MD, 19, 3, 26, 0, 51, 4
Priscilla Cooper DVM, 81, 3, 64, 8, 64, 4
Daniel Barry, 57, 5, 33, 8, 57, 3
Shelly Anderson, 85, 3, 86, 7, 29, 3
Gina Little, 3, 5, 13, 0, 53, 4
Michael Robinson, 79, 2, 55, 5, 81, 3
Steve Carter, 13, 3, 33, 10, 83, 3
Martha Ray, 8, 2, 80, 7, 62, 4
Nicole Rangel, 97, 4, 57, 0, 14, 4
Jordan Robinson, 1, 2, 51, 6, 46, 3
Justin Hutchinson, 62, 1, 84, 7, 56, 3
Todd Acosta, 28, 3, 81, 7, 10, 3
Mary Chavez, 99, 3, 26, 0, 90, 4
Jonathan Kramer, 64, 1, 67, 4, 95, 4
Travis Hernandez, 89, 1, 49, 9, 96, 4
Leroy Craig, 31, 4, 92, 10, 61, 4
George Snyder, 27, 5, 23, 1, 62, 4
Samantha Watson, 84, 3, 28, 2, 39, 4
Timothy Bennett, 82, 1, 58, 5, 18, 3
Tyler Brown, 43, 3, 96, 8, 4, 3
Robert Wheeler, 98, 2, 77, 9, 11, 3
Kevin Acevedo, 66, 2, 98, 8, 37, 4
Natalie Perez, 57, 3, 35, 4, 7, 3
Matthew Levine, 63, 1, 8, 0, 96, 3
Kimberly Tate, 13, 2, 26, 4, 17, 3
Christopher Camacho, 47, 3, 63, 9, 76, 3
Deanna Mack, 7, 1, 33, 7, 32, 3
Lonnie Johnson, 51, 3, 38, 6, 44, 3
Adam Hopkins, 34, 5, 5, 8, 43, 4
Daniel Stevens, 35, 3, 55, 3, 39, 4
Maurice Webb, 76, 3, 6, 1, 53, 4
David Mcdonald, 52, 3, 93, 7, 95, 4
Mark Carlson, 35, 4, 43, 7, 55, 3
Timothy Jackson, 52, 3, 38, 1, 23, 4
Caitlin Holloway, 96, 5, 87, 5, 78, 3
Desiree Smith, 25, 5, 24, 5, 19, 3
Cody Hall, 76, 3, 30, 5, 30, 4
Matthew Garcia, 38, 5, 5, 7, 97, 3
Ronald Braun, 23, 4, 49, 2, 68, 4
Daniel Evans, 86, 5, 49, 0, 96, 4
Bailey Sanchez, 4, 5, 30, 6, 62, 4
Mario Evans, 72, 4, 17, 3, 68, 3
Jessica Lyons, 70, 5, 7, 2, 80, 4
Joshua Jackson, 40, 3, 91, 7, 99, 3
Philip Benitez MD, 75, 2, 7, 10, 10, 4
Dawn Rivera, 36, 3, 71, 0, 54, 3
Jonathan Brown, 28, 4, 36, 6, 19, 3
Bradley Edwards, 16, 1, 88, 9, 84, 3
Max Guerrero, 38, 4, 75, 4, 1, 4
Kevin Johnson, 34, 5, 10, 7, 71, 4
Juan Trujillo, 73, 2, 38, 8, 15, 3
Roberto Patterson, 67, 5, 13, 8, 23, 4
Justin Mcdonald, 14, 1, 73, 9, 98, 3
Cindy Cook, 99, 1, 89, 0, 69, 4
Samantha Morales, 85, 2, 14, 5, 10, 3
Diana Salas, 8, 3, 91, 5, 47, 3
Mrs. Amy Holmes, 8, 5, 5, 6, 65, 3
Stephen Rice, 55, 1, 89, 2, 46, 4
Mark West, 49, 4, 101, 1, 26, 4
Javier Wilson, 34, 2, 76, 4, 78, 4
Anne Thompson, 54, 4, 55, 7, 92, 3
William Vaughan, 52, 2, 56, 9, 78, 3
Michael Phillips, 79, 4, 80, 5, 88, 3
Stephanie Thomas, 46, 2, 63, 9, 78, 3
Mark West DDS, 80, 2, 2, 8, 82, 3
Ralph Hughes MD, 7, 5, 2, 4, 81, 3
Crystal Myers, 82, 2, 87, 10, 25, 3
James Murphy, 98, 5, 8, 8, 79, 4
Tracie Jones, 14, 2, 51, 7, 69, 4
Yolanda Nelson, 26, 5, 26, 1, 25, 3
Jon Jones DDS, 33, 5, 82, 2, 39, 4
Melissa Frank, 25, 3, 70, 7, 52, 4
Michael Li, 73, 3, 7, 2, 37, 3
Brent Martinez, 76, 3, 66, 8, 74, 3
Jocelyn Livingston, 8, 4, 27, 10, 21, 3
Zachary Hernandez, 79, 5, 15, 7, 34, 4
Isaac Campbell, 98, 2, 19, 10, 41, 3
Lisa Anderson, 8, 2, 92, 6, 55, 4
Jennifer Patterson, 100, 3, 19, 8, 62, 4
Jessica Brown, 52, 4, 35, 7, 3, 3
Joanna Wilkinson, 34, 5, 36, 5, 65, 3
Edward Acosta, 77, 5, 86, 4, 50, 3
Bradley Bennett, 94, 5, 96, 1, 81, 4
Dr. Jose Benitez IV, 40, 4, 50, 2, 69, 4
Jeremy Rivera, 64, 4, 48, 7, 8, 3
Megan Patrick, 10, 1, 55, 1, 59, 4
Mark Fuller, 67, 5, 48, 1, 37, 4
Tamara Jones, 13, 4, 50, 6, 48, 3
Adam Duran, 69, 1, 1, 4, 88, 4
Sheri Todd, 25, 3, 99, 1, 79, 4
Jo Gonzalez, 76, 2, 89, 5, 37, 4
Micheal Werner MD, 75, 5, 4, 10, 4, 3
Debra King, 93, 5, 2, 4, 79, 3
Mr. Raymond Smith DDS, 63, 1, 84, 4, 27, 3
Albert Phillips, 30, 5, 6, 1, 70, 3
Ryan Ruiz, 65, 4, 11, 5, 50, 3
Faith Ochoa, 47, 4, 28, 9, 35, 4
Tracy Pierce, 92, 3, 5, 0, 80, 3
Sara Williams, 97, 5, 52, 9, 80, 4
Christopher Marks, 16, 3, 78, 5, 32, 3
Nancy Boyd, 12, 2, 25, 8, 52, 3
Ryan White, 38, 3, 57, 2, 76, 4
Kimberly White, 59, 1, 33, 0, 93, 4
Karen Orr, 4, 5, 77, 3, 89, 3
Anthony Donovan, 53, 2, 30, 4, 78, 4
Nicole Reed, 13, 5, 56, 3, 20, 4
Rachael Pierce, 68, 1, 97, 10, 11, 4
Sandra Gray, 41, 5, 43, 7, 62, 4
Troy Banks, 66, 3, 14, 5, 46, 4
Shelley Moran, 70, 5, 55, 1, 57, 4
Anthony White, 83, 1, 63, 10, 61, 4
Timothy Allen, 46, 2, 16, 1, 22, 4
Eddie Wilson, 17, 1, 37, 10, 72, 3
Danielle Mcclain, 84, 5, 84, 4, 63, 4
Aaron Dean Jr., 38, 3, 23, 4, 55, 3
Sarah Fleming, 47, 2, 12, 1, 5, 4
Christine Booth, 10, 1, 8, 10, 67, 4
Adrienne Johnson, 66, 5, 57, 7, 10, 3
Wayne Morrison, 9, 1, 10, 9, 30, 4
Amber Gallagher, 80, 1, 91, 8, 71, 3
Robert Clark, 77, 5, 69, 10, 5, 3
Mr. Jonathan Lee, 3, 4, 55, 7, 35, 4
Robin Wolf, 17, 5, 14, 7, 54, 3
Sheila Page, 68, 1, 8, 3, 69, 3
Sharon Wagner, 12, 1, 26, 7, 26, 3
Arthur Robinson, 10, 2, 33, 7, 50, 4
Joanna Barber, 66, 1, 79, 7, 82, 4
Jeremy Griffith, 41, 5, 3, 9, 1, 3
Maria Smith, 4, 4, 83, 3, 71, 4
Bruce Smith, 48, 2, 43, 6, 15, 3
Anna Bryan, 89, 3, 79, 6, 19, 3
Daniel Cooke, 51, 2, 18, 7, 32, 3
Dustin Rivera, 21, 5, 72, 10, 3, 3
Melinda Martinez, 95, 4, 95, 4, 26, 3
Loretta Booth, 66, 4, 96, 2, 57, 3
Robert Flores, 61, 2, 15, 5, 86, 3
Benjamin Mills, 52, 1, 67, 2, 91, 4
Lance Rodgers, 53, 3, 100, 8, 16, 3
Thomas Martin, 56, 1, 44, 1, 27, 4
Allen Harper, 14, 3, 29, 6, 43, 3
Eddie Johnson, 33, 2, 78, 0, 30, 3
Mark Mcmillan, 22, 3, 6, 0, 65, 4
Jason Roberts, 49, 4, 91, 2, 11, 3
Brian Montgomery, 22, 2, 10, 8, 81, 3
Daniel Love DDS, 47, 2, 56, 2, 21, 3
Justin Bowman, 92, 5, 57, 2, 3, 4
Timothy Wagner, 25, 1, 88, 8, 75, 3
Amber Holt, 7, 2, 57, 5, 27, 3
Karen Brown, 87, 1, 57, 4, 91, 3
Ashlee Murray, 22, 5, 69, 7, 25, 3
Susan Bennett, 35, 3, 77, 4, 96, 3
